{
  "IcoMoonType": "selection",
  "icons": [
    {
      "icon": {
        "paths": [
          "M959.884 128c0.040 0.034 0.082 0.076 0.116 0.116v767.77c-0.034 0.040-0.076 0.082-0.116 0.116h-895.77c-0.040-0.034-0.082-0.076-0.114-0.116v-767.772c0.034-0.040 0.076-0.082 0.114-0.114h895.77zM960 64h-896c-35.2 0-64 28.8-64 64v768c0 35.2 28.8 64 64 64h896c35.2 0 64-28.8 64-64v-768c0-35.2-28.8-64-64-64v0z",
          "M832 288c0 53.020-42.98 96-96 96s-96-42.98-96-96 42.98-96 96-96 96 42.98 96 96z",
          "M896 832h-768v-128l224-384 256 320h64l224-192z"
        ],
        "tags": [
          "image",
          "picture",
          "photo",
          "graphic"
        ],
        "defaultCode": 59661,
        "grid": 16,
        "attrs": []
      },
      "attrs": [],
      "properties": {
        "ligatures": "image, picture",
        "name": "image",
        "order": 20,
        "id": 14,
        "prevSize": 32,
        "code": 59661
      },
      "setIdx": 1,
      "setId": 1,
      "iconIdx": 13
    },
    {
      "icon": {
        "paths": [
          "M0 128v768h1024v-768h-1024zM192 832h-128v-128h128v128zM192 576h-128v-128h128v128zM192 320h-128v-128h128v128zM768 832h-512v-640h512v640zM960 832h-128v-128h128v128zM960 576h-128v-128h128v128zM960 320h-128v-128h128v128zM384 320v384l256-192z"
        ],
        "tags": [
          "film",
          "video",
          "movie",
          "tape",
          "play"
        ],
        "defaultCode": 59667,
        "grid": 16,
        "attrs": []
      },
      "attrs": [],
      "properties": {
        "ligatures": "film, video2",
        "name": "film",
        "order": 22,
        "id": 20,
        "prevSize": 32,
        "code": 59667
      },
      "setIdx": 1,
      "setId": 1,
      "iconIdx": 19
    },
    {
      "icon": {
        "paths": [
          "M800 0h-640c-52.8 0-96 43.2-96 96v832c0 52.8 43.2 96 96 96h640c52.8 0 96-43.2 96-96v-832c0-52.8-43.2-96-96-96zM480 992c-17.672 0-32-14.326-32-32s14.328-32 32-32 32 14.326 32 32-14.328 32-32 32zM768 896h-576v-768h576v768z"
        ],
        "tags": [
          "tablet",
          "mobile"
        ],
        "defaultCode": 59738,
        "grid": 16,
        "attrs": []
      },
      "attrs": [],
      "properties": {
        "ligatures": "tablet, mobile3",
        "name": "tablet",
        "order": 19,
        "id": 91,
        "prevSize": 32,
        "code": 59738
      },
      "setIdx": 1,
      "setId": 1,
      "iconIdx": 90
    },
    {
      "icon": {
        "paths": [
          "M1024 576l-128-256h-192v-128c0-35.2-28.8-64-64-64h-576c-35.2 0-64 28.8-64 64v512l64 64h81.166c-10.898 18.832-17.166 40.678-17.166 64 0 70.692 57.308 128 128 128s128-57.308 128-128c0-23.322-6.268-45.168-17.166-64h354.334c-10.898 18.832-17.168 40.678-17.168 64 0 70.692 57.308 128 128 128s128-57.308 128-128c0-23.322-6.27-45.168-17.168-64h81.168v-192zM704 576v-192h132.668l96 192h-228.668z"
        ],
        "tags": [
          "truck",
          "transit",
          "transport",
          "delivery",
          "vehicle"
        ],
        "defaultCode": 59824,
        "grid": 16,
        "attrs": []
      },
      "attrs": [],
      "properties": {
        "ligatures": "truck, transit",
        "name": "truck",
        "order": 21,
        "id": 177,
        "prevSize": 32,
        "code": 59824
      },
      "setIdx": 1,
      "setId": 1,
      "iconIdx": 176
    },
    {
      "icon": {
        "paths": [
          "M704 1024h320l-256-1024h-192l32 256h-192l32-256h-192l-256 1024h320l32-256h320l32 256zM368 640l32-256h224l32 256h-288z"
        ],
        "tags": [
          "road",
          "asphalt",
          "travel"
        ],
        "defaultCode": 59825,
        "grid": 16,
        "attrs": []
      },
      "attrs": [],
      "properties": {
        "ligatures": "road, asphalt",
        "name": "road",
        "order": 23,
        "id": 178,
        "prevSize": 32,
        "code": 59825
      },
      "setIdx": 1,
      "setId": 1,
      "iconIdx": 177
    }
  ],
  "height": 1024,
  "metadata": {
    "name": "icomoon"
  },
  "preferences": {
    "showGlyphs": true,
    "showQuickUse": true,
    "showQuickUse2": true,
    "showSVGs": true,
    "fontPref": {
      "prefix": "icon-",
      "metadata": {
        "fontFamily": "icomoon"
      },
      "metrics": {
        "emSize": 1024,
        "baseline": 6.25,
        "whitespace": 50
      },
      "embed": false
    },
    "imagePref": {
      "prefix": "icon-",
      "png": true,
      "useClassSelector": true,
      "color": 0,
      "bgColor": 16777215,
      "classSelector": ".icon"
    },
    "historySize": 50,
    "showCodes": true,
    "gridSize": 16
  }
}